Dimensão,Sequencial (s),OpenMP (s),GPU (s),Speedup OpenMP,Speedup GPU
1024x1024,0.008279,0.020485,0.014818,0.4041,0.5587
512x512,0.002008,0.021755,0.001484,0.0923,1.3531
